2018/5/19 10:08:13,5.97892749785,2.54183134043e-06,6.28318530187,2.31663137118e-06,29.0544800906,0.304257804025,2.2519996925e-07,0,0,0.0209439510241,1.55019101046e-08,0.000720850999873,5.33546291527e-10
2018/5/19 10:08:18,3.24431681633,0.00434078834951,3.24060726183,2.99935702355e-05,5,0.00370955449811,0.00431079477927,6.97227164892e-11,9.83160954e-06,0.00148382172952,0.00171448630217,0.000296764331959,0.000340930938526
2018/5/19 10:08:23,3.24810791016,0.00882132351398,3.2453796458,0.00318863067705,5,0.00272826435478,0.00563269283694,0.00148382172952,0.00171448630217,0.000392515987607,0.000538590832606,-0.000375267543425,-0.000235179093913
2018/5/19 10:08:28,3.25198340416,0.0134409097955,3.24893480696,0.007664322129,5,0.00304859719876,0.00577658766646,0.000392515987607,0.000538590832606,0.000826922891898,0.00177204423398,8.68813808581e-05,0.000246690680274
2018/5/19 10:08:33,3.25594687462,0.0181939471513,3.25285668396,0.0122891548091,5,0.0030901906591,0.00590479234221,0.000826922891898,0.00177204423398,0.000409153371742,0.000589872702905,-8.35539040311e-05,-0.000236434306215
2018/5/19 10:08:38,3.26000118256,0.023074882105,3.25686861544,0.0170390809367,5,0.00313256711996,0.00603580116834,0.000409153371742,0.000589872702905,0.00084387347624,0.00182444776443,8.69440208997e-05,0.000246915012305
2018/5/19 10:08:43,3.26414990425,0.0280785318464,3.26079694765,0.0219167187478,5,0.0033529566055,0.00616181309857,0.00084387347624,0.00182444776443,0.000497309165959,0.000640277474997,-6.93128620563e-05,-0.000236834057887
2018/5/19 10:08:48,3.2683968544,0.0332002714276,3.26518835072,0.0269379859618,5,0.00320850368476,0.00626228546582,0.000497309165959,0.000640277474997,0.000786092307945,0.00186463671133,5.77566283973e-05,0.000244871847267
2018/5/19 10:08:53,3.27274560928,0.038436152041,3.26924155702,0.032042555168,5,0.00350405226085,0.006393596873,0.000786092307945,0.00186463671133,0.000615528596394,0.000692802037868,-3.41127423102e-05,-0.000234366934693
2018/5/19 10:08:58,3.27720046043,0.0437829308212,3.27380682709,0.0372868199997,5,0.00339363334758,0.00649611082144,0.000615528596394,0.000692802037868,0.000741924742637,0.00190564229071,2.52792292485e-05,0.000242568050568
2018/5/19 10:09:03,3.28176546097,0.0492380708456,3.27816135842,0.0426401127628,5,0.00360410254446,0.00659795808282,0.000741924742637,0.00190564229071,0.000699716275149,0.000733540942419,-8.44169349762e-06,-0.000234420269658
2018/5/19 10:09:08,3.28644490242,0.0547997243702,3.28280586042,0.048078327252,5,0.0036390419986,0.00672139711824,0.000699716275149,0.000733540942419,0.000755900524293,0.00195501790488,1.12368498289e-05,0.000244295392491
2018/5/19 10:09:13,3.29124379158,0.0604666732252,3.28721918092,0.0536459230109,5,0.00402461066144,0.00682075021422,0.000755900524293,0.00195501790488,0.000853943740285,0.000773282180811,1.96086431983e-05,-0.000236347144813
2018/5/19 10:09:18,3.2961666584,0.066238284111,3.2924883885,0.0593148256598,5,0.00367826990433,0.00692345845121,0.000853943740285,0.000773282180811,0.000617364221446,0.00199610119967,-4.73159037678e-05,0.000244563803773
2018/5/19 10:09:23,3.30121922493,0.0721144676208,3.29723694351,0.0650840412946,5,0.00398228142274,0.00703042632623,0.000617364221446,0.00199610119967,0.000975548347651,0.00081606933082,7.16368252411e-05,-0.000236006373771
2018/5/19 10:09:28,3.30640649796,0.0780951529741,3.3023970487,0.0709576269569,5,0.00400944925956,0.00713752601719,0.000975548347651,0.00081606933082,0.000628231356174,0.00203894107606,-6.94633982955e-05,0.000244574349048
2018/5/19 10:09:33,3.31173443794,0.0841821953654,3.30761649255,0.076936125362,5,0.00411794539022,0.00724607000344,0.000628231356174,0.00203894107606,0.00101894679992,0.000859486925318,7.81430887486e-05,-0.000235890830148
2018/5/19 10:09:38,3.31720900536,0.0903762429953,3.31296943977,0.0830226138011,5,0.00423956558487,0.0073536291942,0.00101894679992,0.000859486925318,0.000676879434032,0.00208196475236,-6.8413473177e-05,0.000244495565409
2018/5/19 10:09:43,3.32283687592,0.0966789126396,3.31801368905,0.0892234342718,5,0.00482318686381,0.00745547836785,0.000676879434032,0.00208196475236,0.00125239531149,0.000900226594779,0.000115103175492,-0.000236347631517
2018/5/19 10:09:48,3.32862472534,0.1030921489,3.3242392512,0.0955327675842,5,0.00438547413765,0.00755938131579,0.00125239531149,0.000900226594779,0.000501794343569,0.00212352593154,-0.000150120193584,0.000244659867352
2018/5/19 10:09:53,3.33457994461,0.109618216753,3.329865614,0.101952616686,5,0.00471433061383,0.00766560006685,0.000501794343569,0.00212352593154,0.00138393790196,0.000942714095203,0.000176428711679,-0.000236162367267
2018/5/19 10:09:58,3.34070968628,0.116259664297,3.33600667286,0.108461834028,5,0.00470301342138,0.00779783026891,0.00138393790196,0.000942714095203,0.00049726746659,0.00217641801236,-0.000177334087075,0.000246740783432
2018/5/19 10:10:03,3.34702253342,0.123019307852,3.34196618148,0.11510915843,5,0.00505635193897,0.00791014942148,0.00049726746659,0.00217641801236,0.001525273309,0.000987641756231,0.000205601168482,-0.000237755251226
2018/5/19 10:10:08,3.35352659225,0.129900231957,3.34834045379,0.121867464627,5,0.005186138464,0.00803276733012,0.001525273309,0.000987641756231,0.000549182076602,0.00222546517582,-0.000195218246479,0.000247564683917
2018/5/19 10:10:13,3.36023139954,0.136905744672,3.35437750605,0.128745421222,5,0.00585389348114,0.0081603234495,0.000549182076602,0.00222546517582,0.00179237531586,0.00103866420398,0.000248638647851,-0.000237360194367
2018/5/19 10:10:18,3.36714625359,0.144039392471,3.36210739492,0.135748247547,5,0.00503885866596,0.00829114492393,0.00179237531586,0.00103866420398,0.000223168150527,0.00227779376559,-0.000313841433066,0.000247825912322
2018/5/19 10:10:23,3.37428116798,0.15130494535,3.36865609816,0.142881959731,5,0.00562506982199,0.00842298561827,0.000223168150527,0.00227779376559,0.00202685977827,0.00109140048172,0.000360738325548,-0.000237278656774
2018/5/19 10:10:28,3.38164758682,0.158706367016,3.37587526359,0.150156015117,5,0.00577232323312,0.00855035189841,0.00202685977827,0.00109140048172,0.00028206951498,0.00232874027765,-0.000348958052658,0.000247467959186
2018/5/19 10:10:33,3.38925623894,0.166247829795,3.38331648844,0.157565534976,5,0.00593975049532,0.00868229481856,0.00028206951498,0.00232874027765,0.00209383068315,0.00114417764978,0.000362352233634,-0.000236912525573
2018/5/19 10:10:38,3.39711999893,0.173933669925,3.3910476353,0.165092202606,5,0.00607236362704,0.00884146731883,0.00209383068315,0.00114417764978,0.000335114767666,0.00239240927775,-0.000351743183097,0.000249646325594
2018/5/19 10:10:43,3.40525150299,0.181768417358,3.39851401612,0.172785173146,5,0.00673748687279,0.008983244212,0.000335114767666,0.00239240927775,0.00235987998145,0.00120088840705,0.000404953042757,-0.000238304174141
2018/5/19 10:10:48,3.41366457939,0.189756736159,3.40707316747,0.180617977277,5,0.00659141192042,0.00913875888206,0.00235987998145,0.00120088840705,0.000276684786719,0.00245461514578,-0.000416639038946,0.000250745347746
2018/5/19 10:10:53,3.4223742485,0.197903439403,3.41553159307,0.188602800984,5,0.00684265543023,0.0093006384187,0.000276684786719,0.00245461514578,0.00246037738537,0.0012656402217,0.000436738519731,-0.000237794984815
2018/5/19 10:10:58,3.43139576912,0.206213489175,3.42439049224,0.196769372284,5,0.00700527687626,0.00944411689118,0.00246037738537,0.0012656402217,0.000341733365132,0.00251200653477,-0.000423728804048,0.000249273262612
2018/5/19 10:11:03,3.44074630737,0.214691907167,3.43307587394,0.205064751712,5,0.00767043342964,0.00962715545536,0.000341733365132,0.00251200653477,0.00272644000672,0.00133885564738,0.000476941328318,-0.000234630177478
2018/5/19 10:11:08,3.45044326782,0.22334381938,3.4431318179,0.213554956887,5,0.00731144992191,0.00978886249304,0.00272644000672,0.00133885564738,0.000198139962041,0.00257668934984,-0.000505660008937,0.000247566740493
2018/5/19 10:11:13,3.46050596237,0.232174366713,3.45245830031,0.222192970373,5,0.0080476620598,0.00998139633916,0.000198139962041,0.00257668934984,0.00302092486188,0.00141586918582,0.000564556979968,-0.000232164032803
2018/5/19 10:11:18,3.47095441818,0.241188690066,3.46285314007,0.231027840811,5,0.0081012781089,0.0101608492555,0.00302092486188,0.00141586918582,0.000219586381682,0.00264847051639,-0.00056026769604,0.000246520266114
2018/5/19 10:11:23,3.48181033134,0.250391930342,3.47315825112,0.240038293467,5,0.00865208022741,0.0103536368751,0.000219586381682,0.00264847051639,0.00324124570928,0.00149298423366,0.00060433186552,-0.000231097256546
2018/5/19 10:11:28,3.49309682846,0.259795665741,3.4839159633,0.249259588766,5,0.00918086516516,0.0105360769754,0.00324124570928,0.00149298423366,0.000431100356783,0.00272144655648,-0.000562029070499,0.000245692464563
2018/5/19 10:11:33,3.50483846664,0.269398510456,3.49542491796,0.258651282568,5,0.00941354868533,0.0107472278883,0.000431100356783,0.00272144655648,0.00333431911735,0.00157744459886,0.000580643752113,-0.000228800391523
2018/5/19 10:11:38,3.51706171036,0.279196202755,3.50760068924,0.268267603204,5,0.00946102112119,0.0109285995511,0.00333431911735,0.00157744459886,0.00045008933113,0.00279399522159,-0.000576845957243,0.000243310124545
2018/5/19 10:11:43,3.52979421616,0.289200752974,3.51988189092,0.278051390219,5,0.00991232523335,0.0111493627541,0.00045008933113,0.00279399522159,0.00351484076221,0.00166574988004,0.000612950286216,-0.000225649068309
2018/5/19 10:11:48,3.5430662632,0.299416899681,3.53255129168,0.288055508708,5,0.0105149715231,0.0113613909732,0.00351484076221,0.00166574988004,0.000691147847019,0.00287880650924,-0.000564738583038,0.00024261132584
2018/5/19 10:11:53,3.55690932274,0.309847891331,3.54625587998,0.298289891712,5,0.0106534427601,0.0115579996183,0.000691147847019,0.00287880650924,0.00357022925704,0.00174439333807,0.000575816282004,-0.000226882634234
2018/5/19 10:11:58,3.57135796547,0.320496320724,3.55974648504,0.30870259602,5,0.0116114804281,0.011793724704,0.00357022925704,0.00174439333807,0.0010743629142,0.00297309654354,-0.000499173268567,0.000245740641093
2018/5/19 10:12:03,3.58644771576,0.331363886595,3.57486168501,0.319365996171,5,0.011586030747,0.0119978904236,0.0010743629142,0.00297309654354,0.00356004938459,0.0018260596259,0.000497137294078,-0.000229407383526
2018/5/19 10:12:08,3.60221767426,0.342451155186,3.58989633263,0.330221546326,5,0.012321341625,0.0122296088594,0.00356004938459,0.0018260596259,0.0013684872654,0.00306578391785,-0.000438312423839,0.000247944858389
2018/5/19 10:12:13,3.6187081337,0.353757530451,3.60556675955,0.341310560982,5,0.0131413741461,0.012446969469,0.0013684872654,0.00306578391785,0.00388806239304,0.00191300386977,0.000503915025529,-0.000230556009617
2018/5/19 10:12:18,3.6359629631,0.365280717611,3.62102757976,0.35263475186,5,0.0149353833446,0.012645965751,0.00388806239304,0.00191300386977,0.00208609094478,0.00314538243063,-0.000360394289652,0.000246475712173
2018/5/19 10:12:23,3.65402770042,0.377016723156,3.64067635693,0.364137701652,5,0.0133513434901,0.012879021504,0.00208609094478,0.00314538243063,0.00325444645124,0.00200622617095,0.000233671101292,-0.000227831251935
2018/5/19 10:12:28,3.67295098305,0.388959318399,3.65788581374,0.375888351609,5,0.0150651693122,0.0130709667903,0.00325444645124,0.00200622617095,0.00277162127365,0.00322216054516,-9.65650355175e-05,0.00024318687484
2018/5/19 10:12:33,3.69278335571,0.401099711657,3.6768071439,0.387819190153,5,0.0159762118142,0.0132805215031,0.00277162127365,0.00322216054516,0.00361886345202,0.0020900480561,0.000169448435673,-0.000226422497811
2018/5/19 10:12:38,3.7135784626,0.413426220417,3.69577178628,0.399966248509,5,0.01780667632,0.0134599719077,0.00361886345202,0.0020900480561,0.00350380707599,0.00329394070697,-2.30112752045e-05,0.000240778530175
2018/5/19 10:12:43,3.73539161682,0.425923705101,3.7189451131,0.412290102467,5,0.0164465037198,0.0136336026337,0.00350380707599,0.00329394070697,0.00307479441191,0.00215950034649,-8.58025328169e-05,-0.000226888072097
2018/5/19 10:12:48,3.75828075409,0.438573211432,3.73998741643,0.424805131184,5,0.0182933376639,0.0137680802477,0.00307479441191,0.00215950034649,0.00424254065366,0.0033477317526,0.00023354924835,0.000237646281221
2018/5/19 10:12:53,3.78230452538,0.451351374388,3.76313298154,0.437456075564,5,0.0191715438385,0.0138952988238,0.00424254065366,0.0033477317526,0.00342607688175,0.00221038777691,-0.000163292754382,-0.000227468795137
2018/5/19 10:12:58,3.80752372742,0.464229792356,3.78815589034,0.45021870941,5,0.0193678370734,0.0140110829467,0.00342607688175,0.00221038777691,0.0043210579476,0.00339404540177,0.00017899621317,0.000236731524971
2018/5/19 10:13:03,3.83399868011,0.477174699306,3.81301898391,0.463104148641,5,0.0209796962059,0.0140705506658,0.0043210579476,0.00339404540177,0.00407082053476,0.00223417486454,-5.00474825668e-05,-0.000231974107444
2018/5/19 10:13:08,3.86178994179,0.490146189928,3.83975289905,0.476047390652,5,0.0220370427422,0.0140987992762,0.00407082053476,0.00223417486454,0.00474399656211,0.00340534484595,0.000134635205469,0.000234233996281
2018/5/19 10:13:13,3.89095616341,0.503097832203,3.86798826773,0.489021125078,5,0.0229678956716,0.0140767071244,0.00474399656211,0.00340534484595,0.00444316170653,0.00222533800381,-6.01669711167e-05,-0.000236001368428
2018/5/19 10:13:18,3.92155265808,0.515976190567,3.89762382993,0.501975249622,5,0.0239288281488,0.0140009409451,0.00444316170653,0.00222533800381,0.00512836955298,0.00337503837423,0.000137041569291,0.000229940074083
2018/5/19 10:13:23,3.95363068581,0.52872043848,3.92826630435,0.514852957577,5,0.0253643814535,0.0138674809031,0.00512836955298,0.00337503837423,0.0050173830284,0.00217195398701,-2.21973049163e-05,-0.000240616877445
2018/5/19 10:13:28,3.98723459244,0.541262209415,3.96108365454,0.527596194281,5,0.0261509378968,0.0136660151346,0.0050173830284,0.00217195398701,0.00544299213033,0.00329445206682,8.51218203849e-05,0.000224499615962
2018/5/19 10:13:33,4.02239942551,0.55352550745,3.99491163727,0.540144887327,5,0.0274877882403,0.0133806201226,0.00544299213033,0.00329445206682,0.0055521231658,0.00205779598223,2.18262070943e-05,-0.000247331216917
2018/5/19 10:13:38,4.05914878845,0.565427184105,4.03052403928,0.552406403397,5,0.0286247491707,0.0130207807079,0.0055521231658,0.00205779598223,0.00589777650246,0.00315051630091,6.91306673334e-05,0.000218544063736
2018/5/19 10:13:43,4.09749221802,0.576877236366,4.0670459487,0.564307939061,5,0.0304462693142,0.0125692973051,0.00589777650246,0.00315051630091,0.00628073122322,0.00187720262113,7.65909441512e-05,-0.000254662735955
2018/5/19 10:13:48,4.13742113113,0.587780058384,4.10650329131,0.575760103743,5,0.0309178398271,0.0120199546406,0.00628073122322,0.00187720262113,0.00608640470763,0.00293077923509,-3.88653031175e-05,0.000210715322792
2018/5/19 10:13:53,4.17890739441,0.598035514355,4.14604977279,0.586667346019,5,0.03285762162,0.0113681683354,0.00608640470763,0.00293077923509,0.00705664394037,0.00161648809908,0.000194047846547,-0.000262858227202
2018/5/19 10:13:58,4.22189950943,0.607541203499,4.18866107664,0.596918607824,5,0.0332384327931,0.0106225956748,0.00705664394037,0.00161648809908,0.00623872917689,0.00263255017085,-0.000163582952696,0.000203212414354
2018/5/19 10:14:03,4.26631975174,0.616194188595,4.23165493037,0.606431215646,5,0.0346648213739,0.0097629729492,0.00623872917689,0.00263255017085,0.00762719937268,0.00127263900883,0.000277694039159,-0.000271982232405
2018/5/19 10:14:08,4.312063694,0.623894035816,4.27618663165,0.615086526021,5,0.0358770623465,0.00880750979537,0.00762719937268,0.00127263900883,0.00672362556593,0.00225036490932,-0.00018071476135,0.000195545180098
2018/5/19 10:14:13,4.35899972916,0.630545675755,4.32231782104,0.62278497397,5,0.0366819081124,0.00776070178448,0.00672362556593,0.00225036490932,0.00794913767903,0.00085391580447,0.000245102422619,-0.00027928982097
2018/5/19 10:14:18,4.40696763992,0.636062562466,4.36934714045,0.629434721783,5,0.0376204994761,0.00662784068316,0.00794913767903,0.00085391580447,0.00709906211142,0.0017972204688,-0.000170015113523,0.000188660932865
2018/5/19 10:14:23,4.45578193665,0.640369713306,4.41298850752,0.634957169491,5,0.0427934291284,0.00541254381495,0.00709906211142,0.0017972204688,0.0100183095399,0.000367797057185,0.000583849485704,-0.000285884682322
2018/5/19 10:14:28,4.50523519516,0.643406569958,4.46888218748,0.639262648599,5,0.0363530076771,0.0041439213586,0.0100183095399,0.000367797057185,0.00452289353091,0.00128977148625,-0.00109908320181,0.000184394885814
2018/5/19 10:14:33,4.55510187149,0.645129799843,4.51577230033,0.642297943304,5,0.0393295711653,0.00283185653929,0.00452289353091,0.00128977148625,0.0112089349352,0.000157028870537,0.00133720828086,-0.000289360071358
2018/5/19 10:14:38,4.60514497757,0.645514667034,4.56592996831,0.644038462484,5,0.0392150092556,0.00147620455003,0.0112089349352,0.000157028870537,0.00447706876704,0.000433452949476,-0.00134637323363,5.52848157878e-05
2018/5/19 10:14:43,4.65512180328,0.644556641579,4.61258935781,0.644371071716,5,0.0425324454748,0.00018556986241,0.00447706876704,0.000433452949476,0.0125359094229,0.000359225004512,0.00161176813117,-0.000158535590798
2018/5/19 10:14:48,4.70479297638,0.642271161079,4.66787807056,0.644371544142,5,0.0369149058191,0.0021003830626,0.0125359094229,0.000359225004512,0.00223005290478,0.000480928220528,-0.00206117130362,2.43406432031e-05
2018/5/19 10:14:53,4.75392580032,0.638693153858,4.71547764233,0.642941103386,5,0.0384481579945,0.00424794952738,0.00223005290478,0.000480928220528,0.013149210293,0.00121825159042,0.00218383147764,0.000147464673979
2018/5/19 10:14:58,4.80230522156,0.63387542963,4.76500327167,0.639378730809,5,0.037301949883,0.00550330117876,0.013149210293,0.00121825159042,0.00177156966018,0.000983068881081,-0.00227552812656,-4.70365418683e-05
2018/5/19 10:15:03,4.84973430634,0.627886652946,4.81258498327,0.634562370163,5,0.0371493230672,0.00667571721693,0.00177156966018,0.000983068881081,0.0130881595667,0.00168721800569,0.00226331798131,0.000140829824922
2018/5/19 10:15:08,4.89604187012,0.620808124542,4.86061067002,0.628570684478,5,0.0354312000981,0.0077625599356,0.0130881595667,0.00168721800569,0.00108432047251,0.00141780596855,-0.00240076781884,-5.38824074281e-05
2018/5/19 10:15:13,4.94108295441,0.612731337547,4.90549685908,0.621485603679,5,0.0355860953305,0.00875426613137,0.00108432047251,0.00141780596855,0.0131501176597,0.002083900484,0.00241315943743,0.000133218903089
2018/5/19 10:15:18,4.98474025726,0.603754341602,4.95162388488,0.613414841787,5,0.0331163723806,0.00966050018495,0.0131501176597,0.002083900484,9.64312925699e-05,0.00178029958998,-0.00261073727342,-6.07201788025e-05
2018/5/19 10:15:23,5.02692556381,0.593978881836,4.99275247046,0.604438476337,5,0.0341730933569,0.0104595945013,9.64312925699e-05,0.00178029958998,0.0135728060502,0.00240353821052,0.00269527495153,0.000124647724108
2018/5/19 10:15:28,5.06757497787,0.583507657051,5.03716868944,0.594661093193,5,0.0304062884367,0.0111534361421,0.0135728060502,0.00240353821052,0.00141029067553,0.00205783624633,-0.00299661934514,-6.91403928393e-05
2018/5/19 10:15:33,5.10664987564,0.572441756725,5.07656471453,0.584186140606,5,0.0300851611148,0.0117443838808,0.00141029067553,0.00205783624633,0.0106237737704,0.002639917306,0.00184269661898,0.000116416211934
2018/5/19 10:15:38,5.14413404465,0.560878694057,5.11551002449,0.573118875398,5,0.028624020161,0.0122401813402,0.0106237737704,0.002639917306,0.000825834294007,0.0022561552301,-0.00195958789528,-7.67524151795e-05
2018/5/19 10:15:43,5.18002843857,0.548910975456,5.15252641721,0.561565654822,5,0.0275020213582,0.0126546793654,0.000825834294007,0.0022561552301,0.0101749742493,0.00280571651608,0.00186982799106,0.000109912257196
2018/5/19 10:15:48,5.21435117722,0.536624610424,5.18818262869,0.549565478371,5,0.0261685485284,0.012940867947,0.0101749742493,0.00280571651608,0.000292445162067,0.00237063066274,-0.00197650581744,-8.70171706684e-05
2018/5/19 10:15:53,5.24713182449,0.52409863472,5.2217125336,0.53729818126,5,0.0254192908949,0.01319954654,0.000292445162067,0.00237063066274,0.0098752711959,0.00290918795327,0.00191656520677,0.000107711458108
2018/5/19 10:15:58,5.27841186523,0.511404752731,5.25427705477,0.524793706008,5,0.0241348104653,0.0133889532771,0.0098752711959,0.00290918795327,0.000221347009795,0.00244639335756,-0.00201932364114,-9.25589191432e-05
2018/5/19 10:16:03,5.30823898315,0.498607039452,5.28542985511,0.512050942725,5,0.0228091280472,0.013443903273,0.000221347009795,0.00244639335756,0.00890230420907,0.00293116795166,0.00173619143986,9.69549188203e-05
2018/5/19 10:16:08,5.33666706085,0.485762089491,5.3114959098,0.499251810197,5,0.0251711510545,0.0134897207066,0.00890230420907,0.00293116795166,0.00116615621272,0.00246472033098,-0.00154722959927,-9.32895241369e-05
2018/5/19 10:16:13,5.36375331879,0.472919404507,5.3431782192,0.486405779603,5,0.0205750995912,0.0134863750968,0.00116615621272,0.00246472033098,0.00706388362377,0.00292982970775,0.00117954548221,9.30218753544e-05
2018/5/19 10:16:18,5.38955783844,0.460121721029,5.36925997429,0.47356161704,5,0.0202978641494,0.0134398960111,0.00706388362377,0.00292982970775,0.00105526203597,0.00244612869669,-0.00120172431756,-9.67402022119e-05
2018/5/19 10:16:23,5.41414117813,0.447405576706,5.39537755027,0.460762514118,5,0.0187636278572,0.0133569374119,0.00105526203597,0.00244612869669,0.00645018910691,0.00289664626808,0.00107898541419,9.0103514278e-05
2018/5/19 10:16:28,5.43756389618,0.434801697731,5.41896643098,0.448099719475,5,0.0185974652035,0.0132980217436,0.00645018910691,0.00289664626808,0.000988796974496,0.00242256242938,-0.00109227842648,-9.48167677396e-05
2018/5/19 10:16:33,5.45988559723,0.422335684299,5.44313533642,0.435481489541,5,0.0167502608067,0.013145805242,0.000988796974496,0.00242256242938,0.00571130734819,0.00283575966741,0.00094450207474,8.26394476058e-05
2018/5/19 10:16:38,5.48116445541,0.410028576851,5.46484254206,0.422997695052,5,0.0163219133514,0.0129691182006,0.00571130734819,0.00283575966741,0.000817457992374,0.00235188761284,-0.000978769871164,-9.67744109145e-05
2018/5/19 10:16:43,5.50145769119,0.397897213697,5.48601236152,0.410686901718,5,0.0154453296707,0.0127896880204,0.000817457992374,0.00235188761284,0.00536067387591,0.00276398759533,0.000908643176707,8.24199964989e-05
2018/5/19 10:16:48,5.52081871033,0.385954886675,5.50582938952,0.39853256673,5,0.0149893208099,0.0125776800547,0.00536067387591,0.00276398759533,0.000635054448065,0.00226708442655,-0.000945123885569,-9.93806337562e-05
2018/5/19 10:16:53,5.53930044174,0.374211758375,5.52523059841,0.386641691356,5,0.0140698433327,0.0124299329805,0.000635054448065,0.00226708442655,0.00499288288503,0.00270488876566,0.000871565687394,8.75608678215e-05
2018/5/19 10:16:58,5.55695199966,0.362675279379,5.54305926098,0.374871268958,5,0.0138927386857,0.0121959895789,0.00499288288503,0.00270488876566,0.000564212589252,0.00217350706591,-0.000885734059156,-0.000106276339949
2018/5/19 10:17:03,5.57382011414,0.351350575686,5.56109644162,0.363330410331,5,0.0127236725168,0.0119798346456,0.000564212589252,0.00217350706591,0.00452525641748,0.00261842679232,0.000792208765645,8.89839452809e-05
2018/5/19 10:17:08,5.58994960785,0.340240806341,5.57741216997,0.35198212129,5,0.0125374378749,0.0117413149489,0.00452525641748,0.00261842679232,0.000489718732491,0.00207809918726,-0.000807107536997,-0.00010806552101
2018/5/19 10:17:13,5.60538244247,0.329347401857,5.59375067164,0.34091890584,5,0.0116317708392,0.0115715039824,0.000489718732491,0.00207809918726,0.00416298960318,0.00255050240571,0.000734654174138,9.44806436893e-05
2018/5/19 10:17:18,5.6201581955,0.318670451641,5.60882248055,0.330002102318,5,0.0113357149469,0.011331650677,0.00416298960318,0.00255050240571,0.000371296375559,0.00198215786508,-0.000758338645525,-0.000113668908126
2018/5/19 10:17:23,5.63431406021,0.308208853006,5.62340990327,0.319319807181,5,0.0109041569421,0.0111109541743,0.000371296375559,0.00198215786508,0.00399036640128,0.00246222380462,0.000723814005145,9.60131879082e-05
2018/5/19 10:17:28,5.64788484573,0.297960549593,5.63747619012,0.308837160554,5,0.0104086556095,0.0108766109614,0.00399036640128,0.00246222380462,0.000173095842508,0.00188842057994,-0.000763454111755,-0.000114760644936
2018/5/19 10:17:33,5.66090345383,0.287922680378,5.65101042261,0.29862838514,5,0.00989303121955,0.010705704762,0.000173095842508,0.00188842057994,0.00378411664531,0.00239386132487,0.000722204160561,0.000101088148985
2018/5/19 10:17:38,5.67340087891,0.278091788292,5.66383372858,0.288573207036,5,0.00956715032371,0.0104814187445,0.00378411664531,0.00239386132487,4.27434841732e-05,0.00179870617295,-0.000748274632228,-0.000119031030385
2018/5/19 10:17:43,5.68540525436,0.268462210894,5.6762007781,0.278720456986,5,0.00920447626646,0.010258246092,4.27434841732e-05,0.00179870617295,0.00363904702241,0.00230459226387,0.000719260707647,0.000101177218185
2018/5/19 10:17:48,5.69694471359,0.259023368359,5.68801731939,0.269123358723,5,0.00892739420001,0.0100999903645,0.00363904702241,0.00230459226387,6.80893424079e-05,0.00173540388191,-0.000741427272964,-0.000113837676392
2018/5/19 10:17:53,5.70804405212,0.249779596925,5.69921980873,0.259671350013,5,0.00882424338979,0.00989175308868,6.80893424079e-05,0.00173540388191,0.00346160801351,0.00222129735356,0.00067870373422,9.71786943294e-05
2018/5/19 10:17:58,5.71872663498,0.240730777383,5.71007643301,0.250472955428,5,0.008650201968,0.00974217804533,0.00346160801351,0.00222129735356,1.52722630711e-06,0.00167557386457,-0.000692627047963,-0.000109144697798
2018/5/19 10:18:03,5.72901535034,0.231866046786,5.72129282025,0.241361826147,5,0.00772253009506,0.00949577936078,1.52722630711e-06,0.00167557386457,0.00308748481172,0.00212273787974,0.000617191517082,8.94328030345e-05
2018/5/19 10:18:08,5.73893117905,0.223180353642,5.73125595179,0.232518514372,5,0.00767522725496,0.00933816073053,0.00308748481172,0.00212273787974,1.73939097325e-05,0.00161252641247,-0.00062097574429,-0.000102042293455
2018/5/19 10:18:13,5.74849319458,0.214668601751,5.74086238635,0.223825143151,5,0.00763080822872,0.00915654139921,1.73939097325e-05,0.00161252641247,0.00303492938176,0.00205009014721,0.000603507094405,8.75127469488e-05
2018/5/19 10:18:18,5.75771951675,0.206325754523,5.75083401898,0.215358490456,5,0.00688549777618,0.00903273593251,0.00303492938176,0.00205009014721,0.000280730271283,0.00156300422579,-0.000663131930608,-9.74171842848e-05
2018/5/19 10:18:23,5.76662826538,0.198146805167,5.75970533712,0.206959238344,5,0.00692292826571,0.00881243317672,0.000280730271283,0.00156300422579,0.002488441035,0.0019619690449,0.000441542152744,7.97929638217e-05
2018/5/19 10:18:28,5.77523469925,0.190126806498,5.76836356137,0.198865616894,5,0.00687113787906,0.00873881039658,0.002488441035,0.0019619690449,0.000260014116623,0.00153355511373,-0.000445685383676,-8.56827862331e-05
2018/5/19 10:18:33,5.78355407715,0.182260945439,5.7772860039,0.190783378652,5,0.00626807324979,0.00852243321218,0.000260014116623,0.00153355511373,0.00224721518329,0.00187541817114,0.000397440213334,6.83726114814e-05
2018/5/19 10:18:38,5.79160118103,0.174544528127,5.78527069013,0.182902900521,5,0.0063304909012,0.00835837239389,0.00224721518329,0.00187541817114,0.000284981177186,0.00146793078642,-0.000392446801221,-8.14974769444e-05
2018/5/19 10:18:43,5.7993888855,0.166972994804,5.79351786652,0.175235220977,5,0.00587101897441,0.0082622261722,0.000284981177186,0.00146793078642,0.00206342641258,0.00183695968246,0.000355689047079,7.38057792088e-05
2018/5/19 10:18:48,5.80693006516,0.159541934729,5.80109077604,0.167650763556,5,0.00583928911117,0.00810882882755,0.00206342641258,0.00183695968246,0.000272289231889,0.00140657184856,-0.000358227436138,-8.60775667809e-05
2018/5/19 10:18:53,5.81423664093,0.15224711597,5.80860458244,0.160175408642,5,0.00563205849307,0.00792829267258,0.000272289231889,0.00140657184856,0.00198053416534,0.00176474522047,0.00034164898669,7.16346743832e-05
2018/5/19 10:18:58,5.82131910324,0.145084485412,5.81582034368,0.152963696774,5,0.00549875956153,0.00787921136189,0.00198053416534,0.00176474522047,0.000218969659272,0.00138693932428,-0.000352312901213,-7.55611792385e-05
2018/5/19 10:19:03,5.82818841934,0.138050168753,5.82262758947,0.145743627384,5,0.00556082987405,0.00769345863091,0.000218969659272,0.00138693932428,0.00200536229035,0.00169044412808,0.000357278526215,6.07009607605e-05
2018/5/19 10:19:08,5.83485412598,0.131140515208,5.82922027881,0.138689693359,5,0.00563384716526,0.00754917815119,0.00200536229035,0.00169044412808,0.000248176575755,0.00132922713239,-0.000351437142919,-7.22433991382e-05
2018/5/19 10:19:13,5.84132623672,0.124352037907,5.83660806945,0.131780728828,5,0.00471816727459,0.00742869092149,0.000248176575755,0.00132922713239,0.00163909033408,0.0016422492362,0.000278182751665,6.26044207622e-05
2018/5/19 10:19:18,5.84761285782,0.117681503296,5.84267447424,0.125038121568,5,0.00493838358289,0.00735661827252,0.00163909033408,0.0016422492362,0.000336263099074,0.00130039807281,-0.000260565447001,-6.83702326795e-05
2018/5/19 10:19:23,5.85372257233,0.111125901341,5.84890992193,0.118358803564,5,0.00481265039488,0.00723290222215,0.000336263099074,0.00130039807281,0.00158879705888,0.00159276281606,0.000250506791961,5.847294865e-05
2018/5/19 10:19:28,5.85966253281,0.104682452977,5.85500052629,0.111758540273,5,0.00466200651398,0.00707608729584,0.00158879705888,0.00159276281606,0.000276005546713,0.00123767210228,-0.000262558302433,-7.10181427551e-05
2018/5/19 10:19:33,5.86544132233,0.0983486399055,5.86076069654,0.105314333521,5,0.00468062578565,0.00696569361598,0.000276005546713,0.00123767210228,0.00159624476755,0.00154860534411,0.000264047844167,6.21866483665e-05
2018/5/19 10:19:38,5.87106513977,0.0921222046018,5.86681895733,0.0990627159351,5,0.00424618244238,0.00694051133332,0.00159624476755,0.00154860534411,0.000102228209406,0.00122759918921,-0.000298803311628,-6.42012309797e-05
2018/5/19 10:19:43,5.87654066086,0.0860011950135,5.87223501085,0.0927807510314,5,0.00430565000539,0.00677955601784,0.000102228209406,0.00122759918921,0.00162003179275,0.00148422321792,0.000303560716669,5.13248057416e-05
2018/5/19 10:19:48,5.88187408447,0.0799839571118,5.87752025127,0.0866407740712,5,0.00435383320094,0.00665681695932,0.00162003179275,0.00148422321792,0.000121501487625,0.00117850356581,-0.000299706061025,-6.11439304229e-05
2018/5/19 10:19:53,5.8870716095,0.0740697234869,5.88323505551,0.0806228049071,5,0.0038365539867,0.00655308142021,0.000121501487625,0.00117850356581,0.00141312010706,0.00144272900228,0.000258323723886,5.28450872942e-05
2018/5/19 10:19:58,5.89213848114,0.0682566165924,5.88819109735,0.0747021799747,5,0.00394738378581,0.00644556338227,0.00141312010706,0.00144272900228,0.000165833407269,0.00113549635063,-0.000249457339957,-6.144653033e-05
2018/5/19 10:20:03,5.89708042145,0.0625445395708,5.89333395732,0.0689407548612,5,0.00374646412976,0.00639621529038,0.000165833407269,0.00113549635063,0.00133275224463,0.00142298976552,0.000233383767473,5.74986829789e-05
2018/5/19 10:20:08,5.90190219879,0.056933388114,5.89786329253,0.0632229956183,5,0.00403890626646,0.00628960750433,0.00133275224463,0.00142298976552,0.000282810261948,0.00109285323621,-0.000209988396537,-6.60273058627e-05
2018/5/19 10:20:13,5.90660905838,0.0514235720038,5.9031183825,0.0575655182586,5,0.00349067587655,0.00614194625472,0.000282810261948,0.00109285323621,0.00111346008867,0.00136392526568,0.000166129965344,5.42144058939e-05
2018/5/19 10:20:18,5.91120481491,0.0460160188377,5.90756255263,0.0520528248232,5,0.00364226227757,0.00603680598548,0.00111346008867,0.00136392526568,0.000343444822359,0.00105079712851,-0.000154003053262,-6.26256274329e-05
2018/5/19 10:20:23,5.91569423676,0.0407122410834,5.91230956272,0.0467305852071,5,0.00338467403132,0.00601834412372,0.000343444822359,0.00105079712851,0.00101042479017,0.00135654052097,0.000133395993562,6.11486784916e-05
2018/5/19 10:20:28,5.92008113861,0.0355143733323,5.91662315497,0.0414260072311,5,0.00345798364275,0.0059116338988,0.00101042479017,0.00135654052097,0.000372768666933,0.00100811303855,-0.000127531224647,-6.96854964848e-05
2018/5/19 10:20:33,5.92437028885,0.0304252039641,5.92101017814,0.0361654611088,5,0.00336011070827,0.00574025714468,0.000372768666933,0.00100811303855,0.000971275616376,0.00128798981932,0.000119701389888,5.5975356155e-05
2018/5/19 10:20:38,5.92856407166,0.0254482012242,5.92532725803,0.0310638087322,5,0.00323681362542,0.00561560750798,0.000971275616376,0.00128798981932,0.00032344983379,0.000958253183871,-0.000129565156517,-6.59473270904e-05
2018/5/19 10:20:43,5.9326672554,0.020587477833,5.92951031187,0.0260876363988,5,0.00315694352949,0.0055001585658,0.00032344983379,0.000958253183871,0.000939327578004,0.00124181024245,0.000123175548843,5.67114117159e-05
2018/5/19 10:20:48,5.93668222427,0.0158477425575,5.93358245826,0.0212183898745,5,0.003099766018,0.00537064731701,0.000939327578004,0.00124181024245,0.000300578829195,0.000906448684352,-0.000127749749762,-6.70723116197e-05
2018/5/19 10:20:53,5.94061279297,0.0112341456115,5.93757636509,0.0164823192424,5,0.00303642787873,0.0052481736309,0.000300578829195,0.000906448684352,0.000913992322296,0.00119282076801,0.00012268269862,5.72744167309e-05
2018/5/19 10:20:58,5.94446229935,0.00675206212327,5.94153113871,0.0118603791764,5,0.00293116063715,0.00510831705309,0.000913992322296,0.00119282076801,0.000258471932564,0.00085050605323,-0.000131104077946,-6.84629429553e-05
2018/5/19 10:21:03,5.94823265076,0.00240672915243,5.94524688513,0.00735399295161,5,0.00298576562737,0.00494726379919,0.000258471932564,0.00085050605323,0.000935834318384,0.00112839946645,0.000135472477164,5.5578682643e-05
